No,f1,f2,a1,a2,X,Y,Z,K,M,N
1,-1,-1,-90,-90,-3.781073312,0.001654261,-3.765017991,0.000638489,0.638973249,0.001357672
2,-1,-1,-90,-45,-3.705886832,0.225580624,-2.123175355,-0.059501764,0.488479549,0.210447974
3,-1,-1,-90,0,-3.632048279,-0.128631243,-1.057567771,-0.28809774,-0.856565387,0.050024302
4,-1,-1,-90,45,-3.442232403,-0.17986058,-0.550958502,-0.372232347,-0.388355685,-0.527932932
5,-1,-1,-90,90,-3.711866877,0.002855195,0.013783281,-0.153141692,-0.022960946,-0.002295947
6,-1,-1,-45,-90,-3.73832219,-0.218238996,-2.133250304,0.063365278,0.504762869,-0.208316196
7,-1,-1,-45,-45,-3.546676185,0.007279705,-1.169074509,0.001757998,0.797279519,0.001639998
8,-1,-1,-45,0,-3.460060177,-0.058214391,-0.508280298,-0.160433922,0.174889641,0.140864605
9,-1,-1,-45,45,-3.444165655,0.011827141,0.010981219,-0.355068405,-0.018231108,0.002305646
10,-1,-1,-45,90,-3.56343447,0.184494926,0.456133994,-0.264395313,0.431776605,0.335424141
11,-1,-1,0,-90,-3.563855627,0.131995379,-1.047327115,0.284990985,-0.829799469,-0.033153257
12,-1,-1,0,-45,-3.50440738,0.082322441,-0.527265047,0.170708056,0.178780364,-0.136097104
13,-1,-1,0,0,-3.491961057,0.016740229,-0.002710218,0.000242993,-0.009466178,-0.004704313
14,-1,-1,0,45,-3.507165374,0.08014401,0.52863801,-0.169536677,-0.195206528,-0.130900702
15,-1,-1,0,90,-3.649483174,0.135346868,1.066618096,-0.290609327,0.828236144,-0.039777956
16,-1,-1,45,-90,-3.540866308,0.200323371,-0.592628339,0.411987118,-0.359248984,0.558769305
17,-1,-1,45,-45,-3.478057159,0.010040235,-0.012387972,0.387008482,-0.008277672,0.005495733
18,-1,-1,45,0,-3.327732436,-0.056562757,0.486102626,0.146188634,-0.167896357,0.110500319
19,-1,-1,45,45,-3.599445199,0.006359491,1.192241695,-0.002080491,-0.805563401,0.00355065
20,-1,-1,45,90,-3.690655667,-0.213742441,2.117235654,-0.072194434,-0.534225797,-0.144585198
21,-1,-1,90,-90,-3.611648837,-0.000565554,-0.01785331,0.181541795,-0.009780359,-0.001955316
22,-1,-1,90,-45,-3.636117264,-0.193541949,0.563304419,0.410324566,0.357345382,-0.554534968
23,-1,-1,90,0,-3.456015328,-0.118713708,0.9990551,0.261493435,0.749242248,0.024814759
24,-1,-1,90,45,-3.743707147,0.221821615,2.140778335,0.07137739,-0.570738913,0.160198228
25,-1,-1,90,90,-3.759051529,0.00113985,3.737227945,-0.000879801,-0.717490271,0.001363097
26,-1,-0.5,-90,-90,-2.939936562,-0.68293293,-1.521191926,-0.106278167,-0.087059781,0.180605031
27,-1,-0.5,-90,-45,-3.038937344,-0.980834295,-0.924654904,-0.335448746,-0.532237851,0.223331504
28,-1,-0.5,-90,0,-3.060586439,-1.353254577,-1.42583555,-0.654992109,-1.354489245,-0.427331807
29,-1,-0.5,-90,45,-3.120752428,-1.412035039,-2.378566494,-0.727479267,-0.956168115,-0.693707043
30,-1,-0.5,-90,90,-2.971033072,-0.76492215,-2.1805842,-0.342146711,-0.754552377,-0.163693937
31,-1,-0.5,-45,-90,-2.782403742,-0.795564488,-0.870705235,-0.140985048,0.372796676,0.059745364
32,-1,-0.5,-45,-45,-2.846192198,-1.214448037,-0.554215036,-0.445812194,0.331736283,0.154117941
33,-1,-0.5,-45,0,-2.904886501,-1.905704171,-1.056593469,-0.602294028,-0.220147819,0.252582933
34,-1,-0.5,-45,45,-2.978726746,-1.832171833,-1.775750429,-0.298678585,-0.746853254,0.449290998
35,-1,-0.5,-45,90,-2.779412017,-0.850975329,-1.106860807,-0.185359843,-0.490076119,0.415185663
36,-1,-0.5,0,-90,-2.647817821,-0.820885624,0.062309271,-0.017773594,-0.11864061,0.005946177
37,-1,-0.5,0,-45,-2.769190328,-1.691787842,0.587996349,-0.280279828,0.40512369,0.261386019
38,-1,-0.5,0,0,-2.902730674,-2.385997638,0.034271123,-0.033620232,0.023794525,0.611167686
39,-1,-0.5,0,45,-2.714005719,-1.63199753,-0.510141484,0.197755401,-0.310003831,0.280955993
40,-1,-0.5,0,90,-2.695533066,-0.825399204,-0.030564182,-0.001967301,0.116901274,0.044242387
41,-1,-0.5,45,-90,-2.747237251,-0.830341917,1.123785064,0.137892366,0.43302452,0.40023976
42,-1,-0.5,45,-45,-2.859757746,-1.728477222,1.724243921,0.219668888,0.700234499,0.444084145
43,-1,-0.5,45,0,-2.879677228,-1.831449779,1.053906479,0.503088999,0.192321088,0.249957813
44,-1,-0.5,45,45,-2.778773829,-1.15031804,0.562515015,0.376078319,-0.300891821,0.160381401
45,-1,-0.5,45,90,-2.754014822,-0.7603863,0.898472375,0.101555446,-0.332733202,0.054232703
46,-1,-0.5,90,-90,-3.006566875,-0.755441863,2.204405484,0.287173724,0.733557525,-0.118079133
47,-1,-0.5,90,-45,-3.012331648,-1.326350646,2.265280489,0.562116847,0.87060821,-0.586703691
48,-1,-0.5,90,0,-2.9166612,-1.268257343,1.333642614,0.53501121,1.212171268,-0.390479099
49,-1,-0.5,90,45,-2.917383311,-0.909721536,0.879464349,0.272662836,0.55092165,0.166329859
50,-1,-0.5,90,90,-2.877253825,-0.629787667,1.477477329,0.074005535,0.079504331,0.103976785
51,-1,0,-90,-90,-1.773776345,-1.087460273,-1.570403996,-0.104542837,0.463876454,0.435325238
52,-1,0,-90,-45,-1.649927773,-1.288082812,-1.364540885,-0.315255001,-0.289408809,0.885332026
53,-1,0,-90,0,-1.648557364,-1.496840713,-1.632335497,-0.548224114,-1.725707004,0.097625212
54,-1,0,-90,45,-1.727572247,-1.435326824,-2.065106027,-0.538126784,-1.496773951,-0.92683263
55,-1,0,-90,90,-1.788617088,-1.255513584,-2.068970982,-0.450860414,-0.718235938,-0.995213344
56,-1,0,-45,-90,-1.600361785,-1.301895483,-1.153172805,-0.122839917,0.922333999,0.21826463
57,-1,0,-45,-45,-1.539906803,-1.523230308,-0.976777212,-0.316113003,0.732350456,0.915091756
58,-1,0,-45,0,-1.61637279,-1.839839208,-1.210906766,-0.384937641,-0.268054988,1.073851856
59,-1,0,-45,45,-1.614253492,-1.77860816,-1.404859458,-0.403378115,-1.128369225,0.454955851
60,-1,0,-45,90,-1.577412895,-1.444584973,-1.153319592,-0.426277242,-0.920514927,0.02292479
61,-1,0,0,-90,-1.520307483,-1.569669457,-0.079074861,0.084763616,0.365668371,0.126075051
62,-1,0,0,-45,-1.590338747,-1.992893293,0.196836031,-0.047236098,0.782434363,0.921651859
63,-1,0,0,0,-1.598179695,-2.180994288,0.026548895,-0.018829674,-0.031128355,1.249104614
64,-1,0,0,45,-1.481130938,-1.819228729,-0.112718314,0.001628876,-0.591405173,0.767537359
65,-1,0,0,90,-1.53302283,-1.576929518,0.162138779,-0.138003135,-0.356279797,0.219201561
66,-1,0,45,-90,-1.550173419,-1.405687952,1.151377534,0.389443682,0.926653137,-0.027069155
67,-1,0,45,-45,-1.622322419,-1.772877948,1.433458327,0.343812783,1.19274569,0.560572855
68,-1,0,45,0,-1.591879207,-1.776089033,1.21035028,0.335983414,0.133525198,0.991288831
69,-1,0,45,45,-1.569982055,-1.503954318,1.032919128,0.272316577,-0.671979171,0.753750502
70,-1,0,45,90,-1.583995651,-1.25560476,1.187510079,0.083478157,-0.809764719,0.194268217
71,-1,0,90,-90,-1.756919469,-1.215414672,1.994617709,0.433058662,0.704555057,-1.050782438
72,-1,0,90,-45,-1.759533446,-1.443204248,2.119151819,0.478976466,1.661053236,-0.654982585
73,-1,0,90,0,-1.709697916,-1.49452377,1.686874332,0.494944653,1.50863965,0.101899205
74,-1,0,90,45,-1.66666075,-1.248859406,1.378200842,0.269510229,0.305280504,0.646384089
75,-1,0,90,90,-1.760152589,-1.034206931,1.56410158,0.065757322,-0.342273541,0.384076467
76,-1,0.5,-90,-90,-0.552678649,-0.871864729,-1.808523922,-0.163557271,0.957471848,0.748169505
77,-1,0.5,-90,-45,-0.425033637,-1.212311397,-0.936988639,-0.538118392,0.282206673,1.30584423
78,-1,0.5,-90,0,-0.388121976,-1.463915345,-1.274893588,-0.633428349,-1.660095865,0.785755907
79,-1,0.5,-90,45,-0.393014872,-1.336428526,-2.028409016,-0.363366495,-2.180640454,-0.34968878
80,-1,0.5,-90,90,-0.487740702,-0.775452347,-1.892667873,-0.129815365,-1.146886239,-0.779817835
81,-1,0.5,-45,-90,-0.600408148,-0.804027653,-0.959504837,-0.138159244,1.620490428,0.753860028
82,-1,0.5,-45,-45,-0.50559354,-1.14564818,-0.570869774,-0.415459179,1.279898566,1.823332984
83,-1,0.5,-45,0,-0.506817918,-1.591970843,-0.956618422,-0.39330942,-0.034948583,2.264654521
84,-1,0.5,-45,45,-0.501218825,-1.449413515,-1.475305678,-0.183426676,-2.044229199,1.298221226
85,-1,0.5,-45,90,-0.561631815,-0.673402105,-0.879987528,-0.164586266,-1.785482169,-0.171312249
86,-1,0.5,0,-90,-0.57346136,-0.730431302,-0.091849337,0.05952696,1.669762517,0.353284393
87,-1,0.5,0,-45,-0.497655781,-1.437316838,0.388379328,-0.139103958,1.577268563,1.84948161
88,-1,0.5,0,0,-0.49802373,-1.970517941,0.002012341,-0.003552957,0.013599172,2.448893323
89,-1,0.5,0,45,-0.504473489,-1.457079247,-0.382634987,0.124795518,-1.596682319,1.87630091
90,-1,0.5,0,90,-0.573963478,-0.739731462,0.072797243,-0.044373535,-1.648298984,0.248845291
91,-1,0.5,45,-90,-0.56990561,-0.685409837,0.908129364,0.153736276,1.813640081,-0.175015712
92,-1,0.5,45,-45,-0.504594568,-1.453300661,1.490228676,0.164829217,2.038848694,1.302802053
93,-1,0.5,45,0,-0.51353253,-1.605333109,0.976765605,0.39059488,0.020963274,2.244877877
94,-1,0.5,45,45,-0.523147211,-1.170381573,0.595246407,0.425733884,-1.270855738,1.815173982
95,-1,0.5,45,90,-0.609475341,-0.799439019,0.980686286,0.132227715,-1.64329013,0.752748817
96,-1,0.5,90,-90,-0.497868036,-0.80273878,1.952756482,0.145228948,1.214381263,-0.778504343
97,-1,0.5,90,-45,-0.412855988,-1.414677661,2.136750004,0.387280587,2.308879999,-0.36483028
98,-1,0.5,90,0,-0.403786295,-1.497970655,1.310066669,0.631668171,1.729518494,0.717303205
99,-1,0.5,90,45,-0.430806354,-1.201942455,0.956777841,0.535629046,-0.227538109,1.172678435
100,-1,0.5,90,90,-0.547689048,-0.844271413,1.804212501,0.144063911,-0.883400162,0.672473432
101,-1,1,-90,-90,0.000929941,0.004832442,-3.418740153,0.004350572,-0.02763027,0.769293591
102,-1,1,-90,-45,0.130611585,-0.28395438,-1.624298007,-0.198423924,-0.660092885,1.288544543
103,-1,1,-90,0,0.123308264,-0.510654458,-0.864992539,-0.29143339,-1.615762639,0.794352784
104,-1,1,-90,45,0.111795484,-0.486535949,-0.631340068,-0.202451619,-2.041873031,0.126638591
105,-1,1,-90,90,-0.000303184,-0.00037645,0.015339437,-0.014859478,-0.733365945,-0.105885461
106,-1,1,-45,-90,-0.122410607,0.282689664,-1.535156327,0.214676005,0.595699084,1.179461606
107,-1,1,-45,-45,-0.00105035,0.005446408,-0.992381135,0.004012127,0.011003694,2.33382591
108,-1,1,-45,0,0.001200355,-0.073145956,-0.41261596,-0.116926418,-0.571071426,2.416284883
109,-1,1,-45,45,-0.000763539,0.009878442,0.010046045,-0.200557736,-1.8376618,1.829684561
110,-1,1,-45,90,-0.113641493,0.495939376,0.64948635,-0.203738024,-2.062821156,0.128658086
111,-1,1,0,-90,-0.127864825,0.529806188,-0.909141037,0.319233228,1.665555611,0.806029355
112,-1,1,0,-45,-0.00179588,0.092474846,-0.4278747,0.110574693,0.520398121,2.425779087
113,-1,1,0,0,-0.000805514,0.012571162,-8.44E-05,-0.001058743,-0.007973124,2.702904655
114,-1,1,0,45,-0.002526791,0.096518027,0.423505012,-0.124299492,-0.539834675,2.440473694
115,-1,1,0,90,-0.126089124,0.519071297,0.88551707,-0.288144716,-1.654062804,0.832170794
116,-1,1,45,-90,-0.115971398,0.503593778,-0.658074817,0.1960808,2.078946754,0.143892229
117,-1,1,45,-45,-0.000959446,0.011195387,-0.010784631,0.215494274,1.815119881,1.839211338
118,-1,1,45,0,0.001536404,-0.079078425,0.39926539,0.114603456,0.55892229,2.409949733
119,-1,1,45,45,-0.000161045,0.005852662,0.934244844,0.000263422,0.004353657,2.229504593
120,-1,1,45,90,-0.130551829,0.290183514,1.619532717,-0.216529128,-0.659873913,1.279325895
121,-1,1,90,-90,-0.000937214,0.000802111,-0.017341507,0.00437892,0.71962741,-0.043827934
122,-1,1,90,-45,0.112438536,-0.486820114,0.624594087,0.186385767,2.025658614,0.144671964
123,-1,1,90,0,0.126387565,-0.518599498,0.884606168,0.302839586,1.664071353,0.821524874
124,-1,1,90,45,0.124004028,-0.26704466,1.5479379,0.201757435,0.624620639,1.227315429
125,-1,1,90,90,0.000453142,0.005638786,3.22826336,-0.002686968,0.023972897,0.744388847
126,-0.5,-1,-90,-90,-2.894626196,0.664757958,-1.504557057,0.102975016,-0.081909839,-0.156498727
127,-0.5,-1,-90,-45,-2.700595598,0.774604576,-0.849784945,0.142651106,0.396904593,-0.055491578
128,-0.5,-1,-90,0,-2.775672871,0.875045465,0.088816388,0.046931224,-0.096255356,0.053861588
129,-0.5,-1,-90,45,-2.755840144,0.847127126,1.146118263,-0.129590927,0.42253113,-0.406525304
130,-0.5,-1,-90,90,-3.118506266,0.79010844,2.306808155,-0.304055388,0.778767314,0.120257598
131,-0.5,-1,-45,-90,-2.923011642,0.943673554,-0.908460901,0.31511804,-0.55858029,-0.25169606
132,-0.5,-1,-45,-45,-2.909721664,1.255995601,-0.575238199,0.464522724,0.35630753,-0.162125897
133,-0.5,-1,-45,0,-2.817611735,1.73112599,0.604351484,0.291050885,0.399875595,-0.208598553
134,-0.5,-1,-45,45,-2.965633109,1.802100646,1.81644736,-0.199574732,0.741577924,-0.441981676
135,-0.5,-1,-45,90,-3.00954982,1.333772174,2.275116875,-0.591968281,0.892332825,0.599026073
136,-0.5,-1,0,-90,-2.927598504,1.300508118,-1.37741294,0.615398263,-1.282975122,0.421891189
137,-0.5,-1,0,-45,-2.698812473,1.779624345,-0.996204752,0.550478496,-0.19569654,-0.216900916
138,-0.5,-1,0,0,-2.788853243,2.307320343,0.030932037,0.032852426,0.016826491,-0.603399331
139,-0.5,-1,0,45,-2.903054445,1.861734171,1.073216151,-0.51646467,0.196699646,-0.237992622
140,-0.5,-1,0,90,-3.033983829,1.303639353,1.395853123,-0.548133979,1.233300049,0.440725114
141,-0.5,-1,45,-90,-3.038798242,1.380756068,-2.325216366,0.695362656,-0.88891491,0.677099184
142,-0.5,-1,45,-45,-2.862936611,1.773449535,-1.72208613,0.296488585,-0.717970788,-0.441014356
143,-0.5,-1,45,0,-2.895897763,1.754896873,-0.561919993,-0.224773334,-0.385505741,-0.26215548
144,-0.5,-1,45,45,-2.615591447,1.083815462,0.526921548,-0.35019902,-0.204762209,-0.152024917
145,-0.5,-1,45,90,-2.971721228,0.930533773,0.892792433,-0.270008949,0.55245549,-0.160229802
146,-0.5,-1,90,-90,-2.932911467,0.756564359,-2.173374104,0.337746427,-0.744831879,0.176233944
147,-0.5,-1,90,-45,-2.829294535,0.873198832,-1.140846268,0.182547906,-0.501183564,-0.422758864
148,-0.5,-1,90,0,-2.636390979,0.814968771,-0.021157744,0.016146246,0.129823286,-0.062196676
149,-0.5,-1,90,45,-2.820468238,0.788070618,0.917751807,-0.114107456,-0.350278279,-0.041286134
150,-0.5,-1,90,90,-2.950149162,0.644181772,1.541025529,-0.072409159,0.095623391,-0.097596635
151,-0.5,-0.5,-90,-90,-1.868147498,0.001106887,0.254942749,6.919E-05,-0.804166252,-0.001620076
152,-0.5,-0.5,-90,-45,-1.886605657,-0.287664835,0.228217,-0.068452599,-0.701277545,-0.177418317
153,-0.5,-0.5,-90,0,-1.919726413,-0.407226329,-0.208012658,-0.249582954,-0.47041828,-0.529381199
154,-0.5,-0.5,-90,45,-1.882265977,-0.327897708,-0.506238257,-0.398995673,-0.061494969,-0.361943103
155,-0.5,-0.5,-90,90,-1.823139378,0.00219479,0.00267529,-0.488127323,-0.045306786,-0.01659272
156,-0.5,-0.5,-45,-90,-1.871726202,0.29339732,0.243503387,0.073565044,-0.731514011,0.22471557
157,-0.5,-0.5,-45,-45,-1.916499405,0.002503536,0.181886402,0.000412689,-0.524488097,0.001576675
158,-0.5,-0.5,-45,0,-1.913918518,-0.102594733,0.006595846,-0.077563881,-0.261838253,-0.156706637
159,-0.5,-0.5,-45,45,-1.90922885,0.00356493,0.00409862,-0.212724574,-0.005881268,0.002435038
160,-0.5,-0.5,-45,90,-1.89779429,0.33567802,0.504191292,-0.382755298,-0.010317349,0.343952943
161,-0.5,-0.5,0,-90,-1.879331119,0.413159751,-0.213736923,0.254590281,-0.459421795,0.533928902
162,-0.5,-0.5,0,-45,-1.912537671,0.112819329,0.00374986,0.081674196,-0.261606796,0.156945167
163,-0.5,-0.5,0,0,-1.894458957,0.004957108,-0.000808229,0.00014219,0.00013579,0.001507415
164,-0.5,-0.5,0,45,-1.898956756,0.113738855,-0.000530772,-0.084719666,0.271716268,0.154895126
165,-0.5,-0.5,0,90,-1.824333291,0.401875113,0.194833839,-0.237159539,0.394622858,0.533222754
166,-0.5,-0.5,45,-90,-1.886294962,0.338068787,-0.520945786,0.429379846,-0.042128388,0.393450526
167,-0.5,-0.5,45,-45,-1.929385376,0.003711208,-0.004327023,0.228624497,-0.004420875,0.001618555
168,-0.5,-0.5,45,0,-1.919265495,-0.105320006,-0.012478497,0.071819016,0.277512292,-0.159162312
169,-0.5,-0.5,45,45,-1.900632752,0.002352348,-0.174665025,-0.000782014,0.547023021,-0.000551255
170,-0.5,-0.5,45,90,-1.858302683,0.287891021,-0.252072489,-0.068129602,0.745957249,0.233561006
171,-0.5,-0.5,90,-90,-1.865787291,-0.000939434,-0.007897584,0.493733176,-0.048200939,0.031883342
172,-0.5,-0.5,90,-45,-1.859085789,-0.320217514,0.484961081,0.372005695,0.005050125,-0.323865277
173,-0.5,-0.5,90,0,-1.896145706,-0.406488869,0.195437726,0.236046708,0.39967381,-0.534249022
174,-0.5,-0.5,90,45,-1.829375055,-0.277651457,-0.233929121,0.065128959,0.6836536,-0.19065767
175,-0.5,-0.5,90,90,-1.808590073,-5.99614E-05,-0.244527402,-0.000201324,0.742215002,0.000600529
176,-0.5,0,-90,-90,-1.244999585,-0.23565964,0.32676011,-0.061406119,-0.38211458,0.684032008
177,-0.5,0,-90,-45,-1.229897848,-0.394113954,0.17369531,-0.190915665,-0.949448616,0.682978741
178,-0.5,0,-90,0,-1.243666323,-0.497011651,-0.157703037,-0.443984655,-1.507865545,-0.299472215
179,-0.5,0,-90,45,-1.241778832,-0.451754436,-0.335250919,-0.572895104,-0.861212604,-1.089767357
180,-0.5,0,-90,90,-1.276626156,-0.332100451,-0.140502902,-0.716327796,-0.094679502,-1.216583946
181,-0.5,0,-45,-90,-1.312514044,0.102194561,0.288795725,0.047556123,0.166930095,1.033982423
182,-0.5,0,-45,-45,-1.289140784,-0.109277609,0.209824946,-0.074832966,-0.333855047,1.290861388
183,-0.5,0,-45,0,-1.298529299,-0.22012851,0.094309538,-0.183457616,-1.192428221,0.985019112
184,-0.5,0,-45,45,-1.287839241,-0.133798077,0.112610772,-0.356590436,-1.487554684,-0.043328703
185,-0.5,0,-45,90,-1.308894765,0.023403995,0.345252976,-0.534350585,-0.872714571,-0.606164945
186,-0.5,0,0,-90,-1.311960878,0.176379652,-0.134425757,0.290220626,0.987242734,0.347182661
187,-0.5,0,0,-45,-1.322096068,-0.029111822,-0.022685956,0.113438908,0.894408137,1.281793025
188,-0.5,0,0,0,-1.318721692,-0.127276245,-0.008433341,0.003400404,-0.019631982,1.670176535
189,-0.5,0,0,45,-1.25928712,-0.007641313,0.020891323,-0.092628642,-0.875230728,1.230723656
190,-0.5,0,0,90,-1.328380758,0.180606589,0.151219729,-0.304082786,-1.13597372,0.360903458
191,-0.5,0,45,-90,-1.321066145,0.018709455,-0.346251188,0.529237063,0.771975851,-0.606995055
192,-0.5,0,45,-45,-1.285299285,-0.134115864,-0.123281351,0.356693627,1.460308595,-0.023023572
193,-0.5,0,45,0,-1.286795095,-0.209847278,-0.109246568,0.1953351,1.139328787,0.977444925
194,-0.5,0,45,45,-1.301167109,-0.098331477,-0.228846432,0.076149658,0.305667557,1.255430239
195,-0.5,0,45,90,-1.320440048,0.111104359,-0.307714835,-0.042861577,-0.245595202,0.970886439
196,-0.5,0,90,-90,-1.234968231,-0.33059057,0.113006769,0.65171293,-0.039725106,-1.141684364
197,-0.5,0,90,-45,-1.235864147,-0.447970727,0.31813876,0.589904121,0.728302907,-0.990803351
198,-0.5,0,90,0,-1.244136088,-0.490047776,0.150551479,0.427185757,1.312173653,-0.328297959
199,-0.5,0,90,45,-1.263452264,-0.385918117,-0.157923354,0.200447509,0.908860033,0.548522326
200,-0.5,0,90,90,-1.275275615,-0.194940341,-0.284367297,0.057609169,0.448182998,0.680743633
201,-0.5,0.5,-90,-90,,,,,,
202,-0.5,0.5,-90,-45,,,,,,
203,-0.5,0.5,-90,0,,,,,,
204,-0.5,0.5,-90,45,,,,,,
205,-0.5,0.5,-90,90,,,,,,
206,-0.5,0.5,-45,-90,,,,,,
207,-0.5,0.5,-45,-45,,,,,,
208,-0.5,0.5,-45,0,,,,,,
209,-0.5,0.5,-45,45,,,,,,
210,-0.5,0.5,-45,90,,,,,,
211,-0.5,0.5,0,-90,,,,,,
212,-0.5,0.5,0,-45,,,,,,
213,-0.5,0.5,0,0,,,,,,
214,-0.5,0.5,0,45,,,,,,
215,-0.5,0.5,0,90,,,,,,
216,-0.5,0.5,45,-90,,,,,,
217,-0.5,0.5,45,-45,,,,,,
218,-0.5,0.5,45,0,,,,,,
219,-0.5,0.5,45,45,,,,,,
220,-0.5,0.5,45,90,,,,,,
221,-0.5,0.5,90,-90,,,,,,
222,-0.5,0.5,90,-45,,,,,,
223,-0.5,0.5,90,0,,,,,,
224,-0.5,0.5,90,45,,,,,,
225,-0.5,0.5,90,90,,,,,,
226,-0.5,1,-90,-90,,,,,,
227,-0.5,1,-90,-45,,,,,,
228,-0.5,1,-90,0,,,,,,
229,-0.5,1,-90,45,,,,,,
230,-0.5,1,-90,90,,,,,,
231,-0.5,1,-45,-90,,,,,,
232,-0.5,1,-45,-45,,,,,,
233,-0.5,1,-45,0,,,,,,
234,-0.5,1,-45,45,,,,,,
235,-0.5,1,-45,90,,,,,,
236,-0.5,1,0,-90,,,,,,
237,-0.5,1,0,-45,,,,,,
238,-0.5,1,0,0,,,,,,
239,-0.5,1,0,45,,,,,,
240,-0.5,1,0,90,,,,,,
241,-0.5,1,45,-90,,,,,,
242,-0.5,1,45,-45,,,,,,
243,-0.5,1,45,0,,,,,,
244,-0.5,1,45,45,,,,,,
245,-0.5,1,45,90,,,,,,
246,-0.5,1,90,-90,,,,,,
247,-0.5,1,90,-45,,,,,,
248,-0.5,1,90,0,,,,,,
249,-0.5,1,90,45,,,,,,
250,-0.5,1,90,90,,,,,,
251,0,-1,-90,-90,,,,,,
252,0,-1,-90,-45,,,,,,
253,0,-1,-90,0,,,,,,
254,0,-1,-90,45,,,,,,
255,0,-1,-90,90,,,,,,
256,0,-1,-45,-90,,,,,,
257,0,-1,-45,-45,,,,,,
258,0,-1,-45,0,,,,,,
259,0,-1,-45,45,,,,,,
260,0,-1,-45,90,,,,,,
261,0,-1,0,-90,,,,,,
262,0,-1,0,-45,,,,,,
263,0,-1,0,0,,,,,,
264,0,-1,0,45,,,,,,
265,0,-1,0,90,,,,,,
266,0,-1,45,-90,,,,,,
267,0,-1,45,-45,,,,,,
268,0,-1,45,0,,,,,,
269,0,-1,45,45,,,,,,
270,0,-1,45,90,,,,,,
271,0,-1,90,-90,,,,,,
272,0,-1,90,-45,,,,,,
273,0,-1,90,0,,,,,,
274,0,-1,90,45,,,,,,
275,0,-1,90,90,,,,,,
276,0,-0.5,-90,-90,,,,,,
277,0,-0.5,-90,-45,,,,,,
278,0,-0.5,-90,0,,,,,,
279,0,-0.5,-90,45,,,,,,
280,0,-0.5,-90,90,,,,,,
281,0,-0.5,-45,-90,,,,,,
282,0,-0.5,-45,-45,,,,,,
283,0,-0.5,-45,0,,,,,,
284,0,-0.5,-45,45,,,,,,
285,0,-0.5,-45,90,,,,,,
286,0,-0.5,0,-90,,,,,,
287,0,-0.5,0,-45,,,,,,
288,0,-0.5,0,0,,,,,,
289,0,-0.5,0,45,,,,,,
290,0,-0.5,0,90,,,,,,
291,0,-0.5,45,-90,,,,,,
292,0,-0.5,45,-45,,,,,,
293,0,-0.5,45,0,,,,,,
294,0,-0.5,45,45,,,,,,
295,0,-0.5,45,90,,,,,,
296,0,-0.5,90,-90,,,,,,
297,0,-0.5,90,-45,,,,,,
298,0,-0.5,90,0,,,,,,
299,0,-0.5,90,45,,,,,,
300,0,-0.5,90,90,,,,,,
301,0,0,-90,-90,0,0,0,0,0,0
302,0,0,-90,-45,0,0,0,0,0,0
303,0,0,-90,0,0,0,0,0,0,0
304,0,0,-90,45,0,0,0,0,0,0
305,0,0,-90,90,0,0,0,0,0,0
306,0,0,-45,-90,0,0,0,0,0,0
307,0,0,-45,-45,0,0,0,0,0,0
308,0,0,-45,0,0,0,0,0,0,0
309,0,0,-45,45,0,0,0,0,0,0
310,0,0,-45,90,0,0,0,0,0,0
311,0,0,0,-90,0,0,0,0,0,0
312,0,0,0,-45,0,0,0,0,0,0
313,0,0,0,0,0,0,0,0,0,0
314,0,0,0,45,0,0,0,0,0,0
315,0,0,0,90,0,0,0,0,0,0
316,0,0,45,-90,0,0,0,0,0,0
317,0,0,45,-45,0,0,0,0,0,0
318,0,0,45,0,0,0,0,0,0,0
319,0,0,45,45,0,0,0,0,0,0
320,0,0,45,90,0,0,0,0,0,0
321,0,0,90,-90,0,0,0,0,0,0
322,0,0,90,-45,0,0,0,0,0,0
323,0,0,90,0,0,0,0,0,0,0
324,0,0,90,45,0,0,0,0,0,0
325,0,0,90,90,0,0,0,0,0,0
326,0,0.5,-90,-90,,,,,,
327,0,0.5,-90,-45,,,,,,
328,0,0.5,-90,0,,,,,,
329,0,0.5,-90,45,,,,,,
330,0,0.5,-90,90,,,,,,
331,0,0.5,-45,-90,,,,,,
332,0,0.5,-45,-45,,,,,,
333,0,0.5,-45,0,,,,,,
334,0,0.5,-45,45,,,,,,
335,0,0.5,-45,90,,,,,,
336,0,0.5,0,-90,,,,,,
337,0,0.5,0,-45,,,,,,
338,0,0.5,0,0,,,,,,
339,0,0.5,0,45,,,,,,
340,0,0.5,0,90,,,,,,
341,0,0.5,45,-90,,,,,,
342,0,0.5,45,-45,,,,,,
343,0,0.5,45,0,,,,,,
344,0,0.5,45,45,,,,,,
345,0,0.5,45,90,,,,,,
346,0,0.5,90,-90,,,,,,
347,0,0.5,90,-45,,,,,,
348,0,0.5,90,0,,,,,,
349,0,0.5,90,45,,,,,,
350,0,0.5,90,90,,,,,,
351,0,1,-90,-90,,,,,,
352,0,1,-90,-45,,,,,,
353,0,1,-90,0,,,,,,
354,0,1,-90,45,,,,,,
355,0,1,-90,90,,,,,,
356,0,1,-45,-90,,,,,,
357,0,1,-45,-45,,,,,,
358,0,1,-45,0,,,,,,
359,0,1,-45,45,,,,,,
360,0,1,-45,90,,,,,,
361,0,1,0,-90,,,,,,
362,0,1,0,-45,,,,,,
363,0,1,0,0,,,,,,
364,0,1,0,45,,,,,,
365,0,1,0,90,,,,,,
366,0,1,45,-90,,,,,,
367,0,1,45,-45,,,,,,
368,0,1,45,0,,,,,,
369,0,1,45,45,,,,,,
370,0,1,45,90,,,,,,
371,0,1,90,-90,,,,,,
372,0,1,90,-45,,,,,,
373,0,1,90,0,,,,,,
374,0,1,90,45,,,,,,
375,0,1,90,90,,,,,,
376,0.5,-1,-90,-90,,,,,,
377,0.5,-1,-90,-45,,,,,,
378,0.5,-1,-90,0,,,,,,
379,0.5,-1,-90,45,,,,,,
380,0.5,-1,-90,90,,,,,,
381,0.5,-1,-45,-90,,,,,,
382,0.5,-1,-45,-45,,,,,,
383,0.5,-1,-45,0,,,,,,
384,0.5,-1,-45,45,,,,,,
385,0.5,-1,-45,90,,,,,,
386,0.5,-1,0,-90,,,,,,
387,0.5,-1,0,-45,,,,,,
388,0.5,-1,0,0,,,,,,
389,0.5,-1,0,45,,,,,,
390,0.5,-1,0,90,,,,,,
391,0.5,-1,45,-90,,,,,,
392,0.5,-1,45,-45,,,,,,
393,0.5,-1,45,0,,,,,,
394,0.5,-1,45,45,,,,,,
395,0.5,-1,45,90,,,,,,
396,0.5,-1,90,-90,,,,,,
397,0.5,-1,90,-45,,,,,,
398,0.5,-1,90,0,,,,,,
399,0.5,-1,90,45,,,,,,
400,0.5,-1,90,90,,,,,,
401,0.5,-0.5,-90,-90,,,,,,
402,0.5,-0.5,-90,-45,,,,,,
403,0.5,-0.5,-90,0,,,,,,
404,0.5,-0.5,-90,45,,,,,,
405,0.5,-0.5,-90,90,,,,,,
406,0.5,-0.5,-45,-90,,,,,,
407,0.5,-0.5,-45,-45,,,,,,
408,0.5,-0.5,-45,0,,,,,,
409,0.5,-0.5,-45,45,,,,,,
410,0.5,-0.5,-45,90,,,,,,
411,0.5,-0.5,0,-90,,,,,,
412,0.5,-0.5,0,-45,,,,,,
413,0.5,-0.5,0,0,,,,,,
414,0.5,-0.5,0,45,,,,,,
415,0.5,-0.5,0,90,,,,,,
416,0.5,-0.5,45,-90,,,,,,
417,0.5,-0.5,45,-45,,,,,,
418,0.5,-0.5,45,0,,,,,,
419,0.5,-0.5,45,45,,,,,,
420,0.5,-0.5,45,90,,,,,,
421,0.5,-0.5,90,-90,,,,,,
422,0.5,-0.5,90,-45,,,,,,
423,0.5,-0.5,90,0,,,,,,
424,0.5,-0.5,90,45,,,,,,
425,0.5,-0.5,90,90,,,,,,
426,0.5,0,-90,-90,,,,,,
427,0.5,0,-90,-45,,,,,,
428,0.5,0,-90,0,,,,,,
429,0.5,0,-90,45,,,,,,
430,0.5,0,-90,90,,,,,,
431,0.5,0,-45,-90,,,,,,
432,0.5,0,-45,-45,,,,,,
433,0.5,0,-45,0,,,,,,
434,0.5,0,-45,45,,,,,,
435,0.5,0,-45,90,,,,,,
436,0.5,0,0,-90,,,,,,
437,0.5,0,0,-45,,,,,,
438,0.5,0,0,0,,,,,,
439,0.5,0,0,45,,,,,,
440,0.5,0,0,90,,,,,,
441,0.5,0,45,-90,,,,,,
442,0.5,0,45,-45,,,,,,
443,0.5,0,45,0,,,,,,
444,0.5,0,45,45,,,,,,
445,0.5,0,45,90,,,,,,
446,0.5,0,90,-90,,,,,,
447,0.5,0,90,-45,,,,,,
448,0.5,0,90,0,,,,,,
449,0.5,0,90,45,,,,,,
450,0.5,0,90,90,,,,,,
451,0.5,0.5,-90,-90,,,,,,
452,0.5,0.5,-90,-45,,,,,,
453,0.5,0.5,-90,0,,,,,,
454,0.5,0.5,-90,45,,,,,,
455,0.5,0.5,-90,90,,,,,,
456,0.5,0.5,-45,-90,,,,,,
457,0.5,0.5,-45,-45,,,,,,
458,0.5,0.5,-45,0,,,,,,
459,0.5,0.5,-45,45,,,,,,
460,0.5,0.5,-45,90,,,,,,
461,0.5,0.5,0,-90,,,,,,
462,0.5,0.5,0,-45,,,,,,
463,0.5,0.5,0,0,,,,,,
464,0.5,0.5,0,45,,,,,,
465,0.5,0.5,0,90,,,,,,
466,0.5,0.5,45,-90,,,,,,
467,0.5,0.5,45,-45,,,,,,
468,0.5,0.5,45,0,,,,,,
469,0.5,0.5,45,45,,,,,,
470,0.5,0.5,45,90,,,,,,
471,0.5,0.5,90,-90,,,,,,
472,0.5,0.5,90,-45,,,,,,
473,0.5,0.5,90,0,,,,,,
474,0.5,0.5,90,45,,,,,,
475,0.5,0.5,90,90,,,,,,
476,0.5,1,-90,-90,,,,,,
477,0.5,1,-90,-45,,,,,,
478,0.5,1,-90,0,,,,,,
479,0.5,1,-90,45,,,,,,
480,0.5,1,-90,90,,,,,,
481,0.5,1,-45,-90,,,,,,
482,0.5,1,-45,-45,,,,,,
483,0.5,1,-45,0,,,,,,
484,0.5,1,-45,45,,,,,,
485,0.5,1,-45,90,,,,,,
486,0.5,1,0,-90,,,,,,
487,0.5,1,0,-45,,,,,,
488,0.5,1,0,0,,,,,,
489,0.5,1,0,45,,,,,,
490,0.5,1,0,90,,,,,,
491,0.5,1,45,-90,,,,,,
492,0.5,1,45,-45,,,,,,
493,0.5,1,45,0,,,,,,
494,0.5,1,45,45,,,,,,
495,0.5,1,45,90,,,,,,
496,0.5,1,90,-90,,,,,,
497,0.5,1,90,-45,,,,,,
498,0.5,1,90,0,,,,,,
499,0.5,1,90,45,,,,,,
500,0.5,1,90,90,,,,,,
501,1,-1,-90,-90,,,,,,
502,1,-1,-90,-45,,,,,,
503,1,-1,-90,0,,,,,,
504,1,-1,-90,45,,,,,,
505,1,-1,-90,90,,,,,,
506,1,-1,-45,-90,,,,,,
507,1,-1,-45,-45,,,,,,
508,1,-1,-45,0,,,,,,
509,1,-1,-45,45,,,,,,
510,1,-1,-45,90,,,,,,
511,1,-1,0,-90,,,,,,
512,1,-1,0,-45,,,,,,
513,1,-1,0,0,,,,,,
514,1,-1,0,45,,,,,,
515,1,-1,0,90,,,,,,
516,1,-1,45,-90,,,,,,
517,1,-1,45,-45,,,,,,
518,1,-1,45,0,,,,,,
519,1,-1,45,45,,,,,,
520,1,-1,45,90,,,,,,
521,1,-1,90,-90,,,,,,
522,1,-1,90,-45,,,,,,
523,1,-1,90,0,,,,,,
524,1,-1,90,45,,,,,,
525,1,-1,90,90,,,,,,
526,1,-0.5,-90,-90,,,,,,
527,1,-0.5,-90,-45,,,,,,
528,1,-0.5,-90,0,,,,,,
529,1,-0.5,-90,45,,,,,,
530,1,-0.5,-90,90,,,,,,
531,1,-0.5,-45,-90,,,,,,
532,1,-0.5,-45,-45,,,,,,
533,1,-0.5,-45,0,,,,,,
534,1,-0.5,-45,45,,,,,,
535,1,-0.5,-45,90,,,,,,
536,1,-0.5,0,-90,,,,,,
537,1,-0.5,0,-45,,,,,,
538,1,-0.5,0,0,,,,,,
539,1,-0.5,0,45,,,,,,
540,1,-0.5,0,90,,,,,,
541,1,-0.5,45,-90,,,,,,
542,1,-0.5,45,-45,,,,,,
543,1,-0.5,45,0,,,,,,
544,1,-0.5,45,45,,,,,,
545,1,-0.5,45,90,,,,,,
546,1,-0.5,90,-90,,,,,,
547,1,-0.5,90,-45,,,,,,
548,1,-0.5,90,0,,,,,,
549,1,-0.5,90,45,,,,,,
550,1,-0.5,90,90,,,,,,
551,1,0,-90,-90,,,,,,
552,1,0,-90,-45,,,,,,
553,1,0,-90,0,,,,,,
554,1,0,-90,45,,,,,,
555,1,0,-90,90,,,,,,
556,1,0,-45,-90,,,,,,
557,1,0,-45,-45,,,,,,
558,1,0,-45,0,,,,,,
559,1,0,-45,45,,,,,,
560,1,0,-45,90,,,,,,
561,1,0,0,-90,,,,,,
562,1,0,0,-45,,,,,,
563,1,0,0,0,,,,,,
564,1,0,0,45,,,,,,
565,1,0,0,90,,,,,,
566,1,0,45,-90,,,,,,
567,1,0,45,-45,,,,,,
568,1,0,45,0,,,,,,
569,1,0,45,45,,,,,,
570,1,0,45,90,,,,,,
571,1,0,90,-90,,,,,,
572,1,0,90,-45,,,,,,
573,1,0,90,0,,,,,,
574,1,0,90,45,,,,,,
575,1,0,90,90,,,,,,
576,1,0.5,-90,-90,,,,,,
577,1,0.5,-90,-45,,,,,,
578,1,0.5,-90,0,,,,,,
579,1,0.5,-90,45,,,,,,
580,1,0.5,-90,90,,,,,,
581,1,0.5,-45,-90,,,,,,
582,1,0.5,-45,-45,,,,,,
583,1,0.5,-45,0,,,,,,
584,1,0.5,-45,45,,,,,,
585,1,0.5,-45,90,,,,,,
586,1,0.5,0,-90,,,,,,
587,1,0.5,0,-45,,,,,,
588,1,0.5,0,0,,,,,,
589,1,0.5,0,45,,,,,,
590,1,0.5,0,90,,,,,,
591,1,0.5,45,-90,,,,,,
592,1,0.5,45,-45,,,,,,
593,1,0.5,45,0,,,,,,
594,1,0.5,45,45,,,,,,
595,1,0.5,45,90,,,,,,
596,1,0.5,90,-90,,,,,,
597,1,0.5,90,-45,,,,,,
598,1,0.5,90,0,,,,,,
599,1,0.5,90,45,,,,,,
600,1,0.5,90,90,,,,,,
601,1,1,-90,-90,,,,,,
602,1,1,-90,-45,,,,,,
603,1,1,-90,0,,,,,,
604,1,1,-90,45,,,,,,
605,1,1,-90,90,,,,,,
606,1,1,-45,-90,,,,,,
607,1,1,-45,-45,,,,,,
608,1,1,-45,0,,,,,,
609,1,1,-45,45,,,,,,
610,1,1,-45,90,,,,,,
611,1,1,0,-90,,,,,,
612,1,1,0,-45,,,,,,
613,1,1,0,0,,,,,,
614,1,1,0,45,,,,,,
615,1,1,0,90,,,,,,
616,1,1,45,-90,,,,,,
617,1,1,45,-45,,,,,,
618,1,1,45,0,,,,,,
619,1,1,45,45,,,,,,
620,1,1,45,90,,,,,,
621,1,1,90,-90,,,,,,
622,1,1,90,-45,,,,,,
623,1,1,90,0,,,,,,
624,1,1,90,45,,,,,,
625,1,1,90,90,,,,,,
