Time (seconds),Orientation X,Orientation Y,Orientation Z,Angular Velocity X,Angular Velocity Y,Angular Velocity Z,Position X,Position Y,Position Z,Linear Velocity X,Linear Velocity Y,Linear Velocity Z
0.333812952041626,0.0025658083889986694,-0.00011364861822711777,-9.514798820837447e-05,0.02127554601435795,-0.0002932591747695758,-3.026937953885695e-05,3.6759865111076227e-06,0.015251857762161404,-0.00013844976544710751,1.6392106819167436e-06,0.0035532539743668486,-0.0007934526833659448
1.343369722366333,0.001939408581872304,-7.096098682752845e-05,-0.00010343689898403213,0.009682322303486413,-0.00034925513264604874,-4.987755350692293e-06,3.665968042597889e-06,0.017797966430665932,-0.0001369346988733914,9.713619569608236e-07,0.002652964462962413,-0.00041109573212578246
1.5847108364105225,0.003196940348208499,3.331337965417722e-05,-0.00011038062432553201,0.0150301766242047,0.00015396326461843102,6.920519284183331e-06,3.3050337212721864e-06,0.018395578025818905,-4.7596261392865465e-05,-4.3820742154243595e-07,0.002412928367101683,-0.00012367984474078163
2.2131857872009277,-0.0018941639945525002,0.00011820475328121955,-0.00011252695613659726,0.00026884246107181315,0.00023172776940032133,-2.108325057232154e-05,3.6513756806628314e-06,0.019986353189433714,-9.887177028683648e-05,-7.147219570379888e-07,0.0025170629739855043,-0.00030179389027517245
2.8759589195251465,-0.007306156707909628,-0.00017114028364275134,-0.0001335892414807013,-0.01657903352094974,-0.0003771689934702513,-5.0119693401008296e-05,4.453492501238197e-06,0.021520424996673983,8.519885765973798e-05,7.237575678207583e-07,0.002452490350301653,0.00039709771261942756
3.49534010887146,0.004262643389910448,4.831780819151133e-05,-9.780906202260802e-05,0.022352991035293635,0.0003445171757200812,-5.038919381664891e-07,3.5137774048456115e-06,0.0229871419741933,-7.598031748144044e-05,-2.3963083181758992e-06,0.0023455869686943207,-0.00021849230462917798
4.148205518722534,-0.005171375659570876,0.0002054898511458744,-9.72413595870984e-05,-0.010105147113552947,0.0006277249348946652,-1.7859544003740556e-05,4.565846951344475e-06,0.024501931223979968,-8.243322727252913e-05,-6.265472224717184e-08,0.002469973545381999,-0.000197692361222469
4.804426193237305,-0.0053098736079941755,-5.6051164133308706e-05,-5.12455980999159e-05,-0.010233888582094043,-0.0005185584004653103,7.354125690032508e-05,4.380864510510677e-06,0.026016584038795823,7.808002031820492e-05,4.890187364330912e-07,0.002380091792866755,0.0004029688473312456
5.4209489822387695,0.0033626690422824956,0.00015322663860362589,-5.1088704236872264e-05,0.019019395461228005,0.0005663217756129602,3.5739997837835e-05,4.859367538095897e-06,0.027483020038332417,-0.00016440943094753798,1.3393730035252702e-06,0.0023831755887539093,-0.00038378575492411637
6.083414077758789,-0.007505028244049361,-2.051024693047875e-05,-4.450157339166361e-05,-0.0196868528670746,-0.0004151173804851284,1.8917682588765454e-05,4.15685730735162e-06,0.029014927139286505,-5.125860382595147e-05,9.529569226376934e-07,0.0024870545800697724,8.533557024407464e-05
6.735832452774048,-0.003855786734968558,0.0001760701774209847,-5.8225035122805305e-05,-0.004231461056823992,0.00014186593667968165,-1.5540714225691932e-05,4.906129001169905e-06,0.030486628328817343,1.612970040375538e-05,8.935747192040942e-07,0.0023786740873871074,0.000325176598201026
7.304332494735718,-0.00019050595164082917,5.183017376519813e-05,-3.739458217614648e-05,0.011101046822199187,-0.00019783841454194785,2.108801124154146e-05,5.006000773638636e-06,0.03176863974400801,-0.00021556990561779932,1.3767998756302122e-07,0.0023437702427082643,-0.0004306201167395473
7.9255805015563965,-0.009596447742953707,5.5699725582360745e-05,-4.6596472049396776e-05,-0.023091085782675366,-0.0001040669630295518,-3.8169432960585054e-05,5.462959994116686e-06,0.033226043904521246,-1.120222385023495e-06,9.171256124732408e-07,0.0024005563896507694,0.0003448261346296388
8.525477886199951,0.0023280582646138526,-3.600589307777586e-05,1.3704376784849384e-06,0.020465799254809403,-0.0002830507251385472,7.865317883500515e-05,5.7216420941902445e-06,0.034648488711544044,-0.00015802397378022917,8.56718046082263e-07,0.002439942907996136,-0.0002467495250813574
9.125003099441528,-0.007587931543255655,0.0001922357192643667,-1.4338574885892224e-05,-0.013804121982815436,0.0005359368284327626,-1.3222551251662654e-05,5.439973201348636e-06,0.03603459573525105,-0.00013681596410637637,2.142893786791268e-06,0.002396594260500785,-8.919432013800661e-05
9.744378089904785,-0.004882273488128197,0.00015074587389365005,1.640658503786141e-05,-0.00011241893885981236,-2.3642055095584218e-05,6.212631650152195e-05,4.962489429061933e-06,0.037503264968543365,-3.6278147423327825e-05,1.3095843874480384e-06,0.002430359025523008,0.0002687708179790625
10.394631147384644,0.0010577112874792793,0.0001221698285153032,5.588965024459636e-06,0.01901150591630602,-0.00013282574325810387,5.238619246997621e-06,5.5811907734582155e-06,0.03902581542918749,-0.0002715544142879527,3.9791853082658596e-07,0.002376825934257576,-0.0004351978693430577
11.048048257827759,-0.010200894423958162,7.116959040178269e-05,-2.00061357945728e-05,-0.020765624903346405,-0.00016078567877037336,-6.007683215037227e-05,6.466131182955852e-06,0.040618804600280625,-0.00015190559575404733,4.843857050642528e-07,0.002466331908913978,0.00012523918447882986
11.559003829956055,0.00045465111870018893,4.270649482309624e-06,-1.796410201790022e-05,0.018881010909552683,1.0588876454139402e-05,-2.0194511236042266e-05,6.549881743391556e-06,0.04190440635782013,-0.00021252185729620695,-2.1768063861212727e-07,0.00257078554061569,-8.930320198375288e-05
12.097976207733154,-0.009399298951311863,9.35656114721483e-05,-1.3438916701927003e-05,-0.015489778880213608,0.0001502343163647893,1.9372582053940202e-07,6.516188463281434e-06,0.043269905438625696,-0.00024772022219895736,2.1862619546767824e-07,0.0025674960477385916,-0.00011704140343142911
12.783596515655518,-0.007542725952996987,0.00010124972379238964,2.0487770624432874e-05,-0.009439767665832264,8.165796874380189e-05,6.933461054594198e-05,5.768385332389245e-06,0.04502039591457916,-0.0001201091483533077,-5.491062775874331e-07,0.0026436583300346967,0.0004185551618185066
13.461307287216187,0.00048676971804695324,0.00011371554142776615,5.9322876686088713e-05,0.021738251131843623,0.0001917875737287565,-1.945459330931738e-05,6.322705478829625e-06,0.046807704343759374,-0.0003661002429253232,-2.76824143948663e-07,0.002613451634395574,-0.0003747362785527752
14.089290380477905,-0.010331950491223596,1.903623230713458e-05,5.4681450460859213e-05,-0.01575105315863391,-0.00020550996494819677,2.481948304320909e-05,6.8352595750543905e-06,0.04847198892042316,-0.0003061462882931485,2.6418469167199363e-06,0.002745919859422219,-8.546897113181605e-05
14.684333324432373,-0.004133192786255624,9.104395488323573e-05,8.307891191653406e-05,0.006805699318565435,9.141520610439286e-05,6.022149892050606e-05,5.248714804112249e-06,0.05001196454107063,-0.0002533534887579482,-1.7397538444289778e-06,0.0026166935362962173,0.0001624707175373157
15.330366134643555,-0.0023490633186300514,8.847232233169222e-05,7.812680351790642e-05,0.015698970180219724,-3.9311676898937804e-05,2.68910704550157e-05,5.420671235593467e-06,0.0517632997105017,-0.0004493516414701394,-3.690600186947921e-06,0.002742203170667861,-0.00046651412682562076
15.842191696166992,-0.011193590119113028,9.109124387810688e-05,3.780442957336268e-05,-0.014783380299802366,-1.1497856551948527e-06,-6.202717389745437e-05,6.524519561070424e-06,0.05313851728138602,-0.00021328095569143722,6.574501461719571e-07,0.0027104147551440774,0.000376041270910775
16.45723533630371,-0.0011924104408356229,5.8317044363685927e-05,1.953153679568471e-05,0.021508019890523488,-2.950013882363511e-05,-3.215295498723835e-05,6.581733550337306e-06,0.05480905055857388,-0.0004395401915434077,-3.091584617194543e-07,0.002721114492058523,-0.000348410771408971
17.087974071502686,-0.012876386960580466,0.0001296414635066646,1.610689161546344e-05,-0.019053369152944012,0.00014835956953574366,-1.6812329129128896e-05,6.419290152770717e-06,0.05644322907269127,-0.00038560911864506613,-5.184058856100834e-07,0.002690066754892112,-4.8211494204437935e-05
17.857768774032593,-0.012820333235690207,8.877852801647556e-05,4.229998340359134e-05,-0.01558823672126882,-7.145610928504106e-05,5.036479894270158e-05,6.715607652887088e-06,0.05849085875762112,-0.00031998637687089584,5.646745600228327e-08,0.0027607202042656378,0.0003325744747512211
18.5280179977417,-0.0026528230657982266,9.895684016531931e-05,5.1400867536960925e-05,0.019797315664490903,9.950333890204605e-05,-5.888280588629879e-06,6.476340273824385e-06,0.06021272097251977,-0.0005008350693584533,3.646567312173293e-07,0.002639249498846601,-0.00016576800754338774
19.090670585632324,-0.013418355232747814,3.592694494845671e-05,5.5909545021187486e-05,-0.016595011004741447,-6.039165879828178e-06,1.572096156544823e-05,6.285111774042683e-06,0.06160874029041794,-0.0005046624526498624,-4.3974339953163884e-07,0.0025039452274438186,-6.690629585545297e-05
19.316965341567993,-0.005469897764043552,9.442123956356733e-05,5.25564866536871e-05,0.010520413705982116,0.00017183819367534638,-1.631178528498868e-05,5.738713718772275e-06,0.06218369726749507,-0.0006433414763804301,-1.7886216738285408e-06,0.0024798054093755607,-0.0004844542156801589
20.00458860397339,-0.01555578181097822,0.00013498968136822155,6.342001264081683e-05,-0.02298083772150173,0.00037572610420171534,2.291218432458782e-07,6.480535873232837e-06,0.06398533960401427,-0.0005040422755926619,3.134695342943704e-07,0.002652010002492239,0.00012302012283937322
20.621330738067627,-0.0057059154128861755,0.00013152062030262569,6.527456152302591e-05,0.01203523215479879,6.687264257273976e-05,-1.4335610451690298e-05,6.741328379105799e-06,0.06553571300917893,-0.0005815218854023535,2.5849078031239955e-06,0.002556230519142261,-1.6006119231856236e-06
21.17775321006775,-0.011576325428401313,4.564931977384739e-05,4.683429313348492e-05,-0.006201548683455819,-0.00035710529506670786,-7.3594226624029095e-06,5.432547137245314e-06,0.06695574739467494,-0.0006892734283745337,8.851551044699818e-08,0.0026288854884429775,-0.00029300170540728194
21.732846975326538,-0.01000622234755516,0.0001298254173962372,4.7273548607704146e-05,0.0025853836321053205,9.889744363246727e-06,1.7919700178962704e-05,5.039238429485558e-06,0.06834729592898305,-0.0005703212100687434,-8.219537119471123e-08,0.0025507810241567927,0.00018935098527368368
22.349635362625122,-0.006048104440643742,0.0002655957496265866,5.297283586580225e-05,0.012650547344822533,0.0005668972163703387,4.32463765974191e-05,5.092536731980245e-06,0.06993927428287602,-0.0008100774737414763,1.508278148280385e-07,0.0025355498650274475,-0.00043591771046816994
22.93680453300476,-0.016916840184682036,0.0002412568520078645,7.425290775549755e-05,-0.022031790952490783,0.00033393178959337493,2.5717663374958384e-05,4.653262212155248e-06,0.07140885558814244,-0.0006248625317482788,-1.2073714175578161e-06,0.0025539771701672325,0.00028179223599988695
23.18485379219055,-0.013069617603562567,0.00026323921739222425,8.583161020443224e-05,-0.008742982137022062,0.0004476275904917491,3.150926612388059e-05,5.199937889021708e-06,0.0719874734451604,-0.0007937405391505718,-1.1847654159348373e-07,0.0023712126694605444,-0.00020136787044592057
23.732848405838013,-0.011421409978077335,4.580095989812029e-05,5.257520808148787e-05,0.002292752658537106,-0.00036930170821762375,-5.516395963388318e-05,5.171131946195969e-06,0.07334850174519182,-0.0007057677214221047,4.967279740246382e-07,0.002488355062709418,0.00015356410141112664
24.30009889602661,-0.008378408522858705,0.000357866192976099,2.2958945684489437e-05,0.008624019779178378,0.0003290356422986687,-6.617030108407445e-05,5.5458882261872265e-06,0.07475222808175414,-0.0009453683501524414,6.750498089653836e-07,0.002430328178192722,-0.0004524554883736769
24.59505033493042,-0.005829104210517855,0.00029551758335530815,4.598426650423353e-05,0.019179251996656328,0.00041659369999338654,4.659021239306401e-05,4.531412757481928e-06,0.07534397347292113,-0.000882229860540888,-1.830983809320014e-07,0.0023454330867937437,-0.0002224890796627829
25.225582122802734,-0.012174465344151175,0.00010342450394325796,1.9932552676129734e-05,0.0006838137702884581,-0.00010543144863288909,-5.300103881236153e-05,4.528477677867913e-06,0.07700654699191854,-0.0009808009313704645,-1.8033080427827063e-09,0.0025375834694711464,-0.0004154701260977285
25.75712013244629,-0.014442553242553391,0.00019612298234368097,4.27494110052523e-05,-0.006220758863317057,0.00017488075017395066,4.168219563282397e-05,4.954522176646253e-06,0.07834977941043819,-0.0008246173839780979,1.7847578611691626e-06,0.002543234785232625,0.0002857948827692762
26.365873098373413,-0.007729646832625725,7.238517822941205e-06,1.8446801444400126e-05,0.019412050841995064,-0.0003368048549168506,-4.7902826282732906e-05,4.651867434656138e-06,0.07987122290672555,-0.001107841355530629,3.0344036902102604e-06,0.0025439137986163186,-0.0005235187464950644
27.029602527618408,-0.019270963226126814,0.00010392570018404702,-1.56305778530203e-05,-0.021313760520826935,2.7170067440769456e-05,-4.409706096708583e-05,4.481426253288294e-06,0.08158638524510452,-0.0009896834818734878,7.834906848696734e-07,0.002747051374731193,1.888070212546062e-05
27.553636074066162,-0.00848415102234995,0.0001971914173312704,-7.305504492903899e-06,0.020695648722588725,0.00016398567287065002,-8.027786791117351e-07,5.015254268110082e-06,0.08295917169733912,-0.0010817045916689265,1.4711509935885386e-06,0.0026895638235110986,-0.00023837346435427094
28.101905822753906,-0.018217458460267233,1.4508259754657546e-05,7.559551868269012e-05,-0.014803718447157532,-0.0002983301560804575,0.0001365967985849068,5.044111283862011e-06,0.08443258178691525,-0.0011311381922042636,3.7908256006099304e-07,0.0027652165616740836,-0.0001591426018088825
28.746145486831665,-0.014992295595656735,0.00011762485800270988,6.289385692165669e-05,-0.0010994808349491759,0.00015889941232386106,-1.986490305425082e-05,5.195924634902117e-06,0.08605503010708104,-0.0010629968683555412,2.3600495667940793e-06,0.0025700419114336624,0.00023395047178695198
29.42150330543518,-0.009422810486486077,0.00010089830617466918,2.353169929026268e-05,0.02205307785194093,-9.19988470085993e-05,-4.7874092941818395e-05,4.6990408356717795e-06,0.08788568722288172,-0.0013145296527354833,4.2827702161157797e-07,0.002799265992509189,-0.00045793603474202305
30.04022741317749,-0.021114386941377405,-8.678049855306287e-05,2.205009612151354e-05,-0.019142532984916777,-0.0003638736211847545,2.8484299435651196e-06,4.960958345731142e-06,0.08946749214801837,-0.0012180580236738007,3.8347696578581427e-07,0.002577601040728343,5.0840590060035956e-05
30.693544626235962,-0.014969999067577788,0.0001264294583833532,3.2216641448875005e-05,0.002792811622658461,0.00017232996885704687,-1.060387754350514e-05,4.475596307860383e-06,0.0911499145550591,-0.001253160531762788,1.0402773037485846e-06,0.0025827893341447933,0.00015617000934471155
31.262186288833618,-0.015005279045126496,3.690695888010886e-05,5.9595772778935e-05,0.0035910262638839236,-5.655022273950917e-05,4.818803527593614e-05,4.285668501741609e-06,0.09260863990891384,-0.0014680414378951453,-1.9122584824159944e-07,0.0026133567333045207,-0.00043407975146225253
31.99709916114807,-0.023408686914397125,0.00010363368891296694,6.221010049940206e-05,-0.023909895368463503,-0.00012902004593590217,9.740979080093257e-06,4.209036788535283e-06,0.09444972477057834,-0.001355442247153626,-4.223484911333682e-07,0.002666221246116618,0.00016886760347243376
32.60055756568909,-0.012791254504582072,0.00013192041653040354,5.65855652910847e-05,0.016657261778124703,-3.550182762322818e-06,5.619982603391712e-07,3.577719491746304e-06,0.09588237343278001,-0.0014707304090397718,-1.678536935767522e-06,0.0024400786600898075,-0.0001468675063854479
33.120216608047485,-0.021632760695655173,0.00010274247863234319,2.856496057198215e-05,-0.013492573911642996,-7.828565719135368e-05,-4.854913706507688e-05,4.025530914359778e-06,0.09722306903266241,-0.0015462798554778372,-1.0055364172042509e-07,0.002559581687849177,-0.0001837401732704014
33.71669006347656,-0.01724652581278069,0.0001909375698126377,3.5015936706671256e-05,0.004839751038950617,-3.373780497677017e-06,-1.949773603989905e-07,4.622896529628086e-06,0.09860047218701368,-0.001509954852802832,1.18479925544772e-06,0.002277282865629481,9.484225995174962e-05
34.43995213508606,-0.012602939013013126,0.00012927882134009482,3.0336032391307764e-05,0.021310815433948034,-0.00013076149161223412,7.633782954410296e-08,2.808445026871348e-06,0.10039379563045525,-0.0017469865625158944,-2.8560021102766567e-06,0.0025193792026209105,-0.0004636335694743534
35.08669996261597,-0.024311562128192632,3.635299595950369e-05,2.1294192507674918e-05,-0.01687954113676889,0.0001158606043318036,-2.229820803988186e-05,3.961299848433425e-06,0.10188307746556642,-0.0017020432668900284,-4.953230766498984e-07,0.0023311106732371197,-4.8931524289694067e-05
35.705100774765015,-0.018989780335524564,0.00011490978429845038,2.22957378947674e-05,0.002946641050364865,-1.1453053470907098e-05,-1.56725973691545e-05,3.7934257784327835e-06,0.10331834790736127,-0.0017115211744043724,4.1120744831331457e-07,0.0022882524679049706,0.0001437213830100556
36.40185570716858,-0.015070185375224643,0.00010839548696118354,-1.9149342174156958e-05,0.020944944440845388,-9.077947695304654e-07,-5.2395551866901545e-05,4.23265952962627e-06,0.10497057478618764,-0.0019606288261840906,2.9748325461798617e-07,0.002401919523593026,-0.0004953531649308788
36.89028787612915,-0.027492635302909074,0.00024080352846369936,-8.883131838888347e-06,-0.02163383651382708,0.00042636293662651626,8.555805540117261e-06,4.410015663478025e-06,0.1061614763970606,-0.0017922379710429701,1.2633148062452312e-06,0.002485299471721699,0.0002831654227331678
37.49638605117798,-0.015688789602482156,0.00010564662282382128,-8.322728203037108e-06,0.020547275968770817,-8.76600055441728e-05,-8.566344446616709e-06,4.592050430798064e-06,0.10758523214781304,-0.002060948705138364,1.4600721365349406e-06,0.0023753624947395603,-0.00037688230048423313
37.93024253845215,-0.028469781641411118,2.6048572991097636e-05,5.3892941362442456e-05,-0.018422714057608237,-7.49192130898652e-05,9.630903735507447e-05,3.865554035666859e-06,0.10872388385823574,-0.0019728861970916794,-6.638836791375138e-07,0.0025731765617292585,0.00018132938975977907
38.515645027160645,-0.016605062366654377,6.646966095753572e-05,6.42681996588564e-05,0.019463100184376365,2.5738372239200784e-05,2.8014134386985657e-05,3.7398220187434334e-06,0.11017635447593575,-0.0021904025376935834,-3.457512087138674e-06,0.0024514888722968705,-0.00024925149960893926
39.171151876449585,-0.024814954648209098,0.0001796800423987301,7.800386577997114e-05,-0.00636070321829155,0.00020887254471549843,3.845259687205529e-05,3.793373324773739e-06,0.11189574317852483,-0.0022985660367563438,-1.97479154305745e-06,0.0026991239491695376,-0.0004109356115559774
39.71993660926819,-0.023379388337452567,0.00024491958877668384,4.073711999040807e-05,-0.0012014222887589234,0.0003460438979098401,-5.096839542354177e-05,5.516033312163801e-06,0.11333258444764101,-0.0022196810452671414,2.8386601773741085e-06,0.002688518032166544,0.0001974105318834523
40.30920886993408,-0.020091703232183067,0.00020053473326347326,4.152298624398799e-05,0.012983261380259892,0.00021132266453445823,4.810750144113904e-06,5.148575193758655e-06,0.11490573721526148,-0.0025195514242416514,9.457881861125637e-07,0.0027405095113819137,-0.0006031202776407075
40.93389654159546,-0.030929250854663137,-3.0656516340690154e-05,1.966680622886363e-05,-0.02381295695311053,-0.0003391908994016474,-1.865496126587187e-05,5.927364799069029e-06,0.1165991801489295,-0.0023918122698921816,1.9123020237302006e-06,0.002679703694317467,0.00017775727245216566
41.52800631523132,-0.019338179222355756,4.148648167190335e-05,4.681107546070907e-06,0.019610012268502387,-4.029362100922973e-05,-2.5534460312748686e-05,5.828482745789237e-06,0.11821572834664426,-0.0026219118324154987,1.1411180589233064e-06,0.002760725523625988,-0.0002817108244358404
42.12967920303345,-0.029204459974266905,0.0001736214795267313,3.083369602747617e-05,-0.013965905282544473,0.00014113232046766643,2.2733261580041923e-05,6.08676914202241e-06,0.11984177192323364,-0.0027140208259551165,1.0180875624170837e-06,0.0027624970650183987,-0.0002653618873512129
42.68987464904785,-0.02461312099217866,5.243732321401951e-05,0.00011304629932663699,0.006821721155993516,-0.0003162905971666366,0.00010873998093186402,4.769660927198295e-06,0.1213497883434886,-0.002697774866894366,-1.1385742228521188e-07,0.0027485780924647062,4.315018170489055e-05
43.42214918136597,-0.021001396704504627,0.00029887116706422035,8.057526653497411e-05,0.01644087518687409,0.0003875153032234737,-7.818376899792631e-06,5.4006699866976875e-06,0.12324701660196502,-0.0029859303746708,6.767141499644918e-07,0.0026279659149666384,-0.000507751438841085
44.03126502037048,-0.03300873988513081,0.00015026590212542263,8.588640408910661e-05,-0.02141505134116312,0.00028060366756956065,-1.1687021023211335e-05,4.726805048417351e-06,0.12486389970948726,-0.002908560938883197,1.8033950333934782e-07,0.002747923938419761,2.799015737699373e-05
44.70293116569519,-0.02759003567678181,0.00015299946557553295,5.906923016752074e-05,-0.00124845359629939,6.596321599109074e-05,-3.457718400351789e-05,5.2921036113357505e-06,0.12656058481461657,-0.002953240147197817,8.456564939591194e-07,0.002657690059185343,0.00021027889460992514
45.28409957885742,-0.02597076054024966,8.51119398873495e-05,5.613681183348087e-05,0.005944495691870019,-6.660885380055446e-05,-2.6012646467262694e-05,4.522882525483926e-06,0.12801899280802517,-0.003259074524483315,1.8884818784576408e-07,0.0025554926215415907,-0.00056156405205045
45.94970393180847,-0.03504806055319898,8.849474674567483e-05,9.259727347771315e-05,-0.023561962583037048,5.512905500140845e-05,8.048042067220001e-05,3.7947603588798653e-06,0.129701853054691,-0.0031425913798309017,-1.1960305645992906e-06,0.002614465719812829,0.00018750355367924362
46.52608799934387,-0.023623352335154002,9.761343460408766e-05,0.00010213619834964037,0.019485142654531783,2.219242402809895e-05,3.059152746606834e-05,3.6424617950175406e-06,0.13115776089906242,-0.003366358254015609,-6.185239786659547e-07,0.002542155281735376,-0.0003014550920524835
46.766582012176514,-0.03176376102067585,0.00011126340429300362,9.977650963492896e-05,-0.0061193328738502915,-2.154257585398931e-05,2.31157164778397e-05,4.017614458997709e-06,0.1317786520308819,-0.0032376859424220247,-3.4562581568926964e-07,0.0025116891065964787,0.0002206495426389507
47.404032707214355,-0.02465538591618499,3.393726426853755e-05,0.00014451445318673992,0.01780709971683759,-0.00023672913876618274,8.189895806756938e-05,4.087391790804721e-06,0.13332668001202222,-0.0036000695113109047,8.879273487995629e-07,0.002602512309688034,-0.0006494768778193186
48.10607981681824,-0.035090882994800676,0.0002729787083566392,0.0001635445000143241,-0.014410742009944345,0.0003714796223323161,6.558605427167584e-05,4.5305822404877184e-06,0.13501996014879028,-0.00359674026439633,5.181303153796477e-07,0.0025507139851023526,-0.00022951413111903753
48.727065086364746,-0.03175033986088027,2.8505039745937436e-05,0.00013660309387456172,-0.0009160411405415476,-0.00028205046836894606,-2.8013574213625647e-05,4.6407038889523064e-06,0.13649099565587874,-0.0035930691950111296,1.2773142252197676e-06,0.0024036008540178986,0.00011771520358151233
49.366268157958984,-0.027041659955952146,7.620784843266357e-05,0.00010964440001974542,0.017517503787599528,0.0001259199347827421,-2.144532117702715e-05,3.2348740419473495e-06,0.13798473485184679,-0.0039289252408691525,-2.6782774063910237e-06,0.0024004495455670206,-0.000639216413288434
49.98327612876892,-0.03874133349800091,-3.199031483499835e-05,0.00010108575339457223,-0.022534632270307345,-0.0001567658535757976,-1.0138978534519395e-05,3.938147369747279e-06,0.1394664512180235,-0.0038190123056392644,3.6728975002736747e-07,0.0023770064943607434,0.00011560139351226832
50.572736978530884,-0.028602953124241826,1.8876686157272487e-05,0.00013223287283468618,0.017599637669744362,3.466401758536889e-05,5.866685075210012e-06,3.269468048867757e-06,0.14093118474132552,-0.003986260405398985,7.120999508786004e-07,0.002544041047023528,-0.00018258007069416526
51.20696949958801,-0.034626576286083954,8.353512056759464e-05,0.00012425666701442104,-0.004825745802906213,-0.00020232353759341067,-1.621873772092932e-05,3.338160171006715e-06,0.142441948832876,-0.0041930279725084126,3.8912140971488623e-07,0.002414056370261336,-0.00042725938074319287
51.71327090263367,-0.034104877671616796,6.665544687687729e-05,0.00015110113159741816,-0.0008271799039311172,-0.00035244007795112844,3.9128134000775816e-05,1.6892582182847339e-06,0.14373426055144836,-0.004112819947113025,-5.409961517961613e-06,0.0026044430118374504,0.00015716165170681827
52.337703466415405,-0.030492328516063483,5.1536342981021686e-05,0.00014949915624721052,0.01475384492326625,2.0763453086661808e-07,5.772482631527778e-06,2.274831183766282e-06,0.14530391242228013,-0.004445245129900231,-1.0134728185363171e-06,0.00254287923314575,-0.000616278293299689
52.926459074020386,-0.041941502492713,1.8646147586367895e-05,9.204082820089715e-05,-0.023059549623856156,2.3656297148606345e-05,-7.231727221585407e-05,2.460881356921871e-06,0.14689257916736867,-0.004352710398207277,-1.6352702967265407e-07,0.002722870955099225,0.00017067269275527092
53.4565544128418,-0.029571229854257197,8.55249440678418e-05,0.00014945649440468856,0.020713585228342043,-0.0003688726356985863,0.0001420608826278936,4.6679424980385144e-07,0.1482783698967635,-0.0046283316141160795,-5.3505126730999e-06,0.002693320301622187,-0.000504952662754796
54.01327562332153,-0.04301695843284592,-5.959919105597765e-05,0.00012881233704336057,-0.022657762577763994,-0.0005916870946728292,-1.0227460930813817e-05,-2.38448300261145e-07,0.14970751537896684,-0.004589908883666046,-2.5915411104145645e-06,0.0027166301435908465,1.8739453338979743e-06
54.58712816238403,-0.03226062087391307,6.328141340591247e-05,6.295646501563671e-05,0.01715498186245615,4.919766452035693e-05,-0.00010374042870347171,-5.477814795483506e-07,0.15121624747850199,-0.004767514230167957,-5.752602191642693e-07,0.0026798121433995797,-0.00030643226264489556
55.31108617782593,-0.03507786782693556,3.843443199411571e-05,7.300477918995368e-05,0.008929330379791767,-1.5133706678898822e-05,1.8110769884477734e-05,-9.917195779484992e-07,0.15306296344671483,-0.005034091193160987,-1.124131603072327e-06,0.002648891042437956,-0.0006217088453400024
55.917226791381836,-0.04442918624309328,0.00010217469474352343,9.026072441648628e-05,-0.02110272443292487,0.00041812607600244967,2.7596130672215966e-05,-7.974691570883966e-07,0.15465725823842882,-0.004931478637546326,1.5145716898471533e-07,0.0026079434818940986,0.00016799326107759576
56.55250382423401,-0.03352952311495189,-7.773326607538623e-06,9.812710761773973e-05,0.019129422748050903,-0.00013141248646789992,8.316311520150807e-06,-7.846367291064225e-07,0.15623958838149227,-0.005205939207082706,1.4996981382647254e-06,0.0025653824157315566,-0.0003415156770246935
57.07770133018494,-0.044693334378324956,-7.797511604231611e-05,9.934982690388014e-05,-0.018681852560870064,-0.0002722401281316744,-6.238834635473145e-07,-7.281088897416164e-07,0.1576091697268001,-0.005300643693343524,1.2777500181886823e-06,0.002559925004503167,-0.00021323106390896761
57.36263871192932,-0.035229188271862666,0.0002495586539810043,0.00011408377698543775,0.013611000113283766,0.0005587121990589654,2.858063081276927e-05,-3.498097104133819e-06,0.1582605022462767,-0.005466261527642035,-3.0457761973501648e-06,0.0023610698019134956,-0.0005669591728077037
58.05239796638489,-0.04648321924693127,0.0001173701796805142,5.046262380318622e-05,-0.021768840099684612,0.0001087712338316913,-3.1585350795578307e-06,-2.32193448882621e-06,0.159925004800711,-0.005428295258047362,4.910560960654716e-06,0.002629171623495379,-9.142965286007967e-06
58.281686544418335,-0.03891196931283203,8.639264763328929e-05,3.357475679918273e-05,0.0015898456805965603,-7.30759209506189e-05,-2.9217821448340554e-05,-3.060144129484873e-06,0.1604484836444573,-0.005628217238729563,-2.29072337650577e-06,0.002378268013016777,-0.00046647452614564065
58.97762703895569,-0.04787726057604108,7.571211409801308e-05,2.8096949775909738e-05,-0.023224494892411903,8.20658671511324e-05,-5.3072279712611217e-05,-2.2148703305167662e-06,0.16209494747247963,-0.005597145881564937,6.143121626121107e-07,0.002411712042681619,6.839502982751552e-05
59.6111741065979,-0.03862919986661528,-6.681331047724141e-05,8.38694564735557e-05,0.010688542974318316,1.742219238245917e-05,8.719889780817561e-05,-2.6877254608350124e-06,0.16360342862631405,-0.00578087066864101,-1.953144911003489e-06,0.002439903663192451,-7.131229835147171e-05
60.24481177330017,-0.04157302162533283,0.00010038584492114818,0.00010968582690083846,0.0034016324288856374,0.000895721199142305,3.9723839718679504e-05,-2.853345120958414e-06,0.16505593127113108,-0.006085931115755651,-2.9191115110541433e-06,0.0023073594434041386,-0.0006408849302499169
60.88924264907837,-0.04885518228372898,8.609521349890021e-05,5.105902598142046e-05,-0.01906069760955202,0.00011765209033978854,-0.00011975082025537676,-3.2999195205304155e-06,0.166566928217165,-0.005970338805652406,-2.966168269062209e-07,0.002443757562519915,0.00023902718820224673
61.105785846710205,-0.04797485110699562,5.981522326278142e-05,4.301173705028057e-05,-0.015484748848543657,6.118683662317431e-06,-8.740935940604455e-05,-3.3153257846900208e-06,0.16712185794442783,-0.006169692906298931,9.032765672287637e-07,0.0023716378556653487,-0.00020217566436625295
61.693352460861206,-0.043362310234762946,0.0002261202853177056,7.181567713513761e-05,0.0018152268057822839,0.0004546867776025985,5.181343443496849e-05,-4.122563062038425e-06,0.16854703875531704,-0.006220779185670558,-5.027271388703504e-07,0.002462785263231518,3.947321029534087e-05
61.92718172073364,-0.050302948081408394,5.507196071484757e-05,8.212736156539304e-05,-0.019045963891491498,-0.0002900146478989593,6.422046321238433e-05,-4.234155924545408e-06,0.16906837765548785,-0.006240666174363057,-1.9035341722139884e-06,0.002350423144727384,0.0001469238376336045
62.64645457267761,-0.04239073505314889,8.039157747996818e-05,5.247760622649172e-05,0.009473460650312852,-2.6520400305787745e-05,-4.4037776508513304e-05,-3.835906532840566e-06,0.17078954463236093,-0.00647485872584351,-8.338700742786011e-07,0.0024794184578007276,-8.874243551794927e-05
62.89098834991455,-0.0513343999554452,5.548488516601996e-05,5.630027351911021e-05,-0.019668610556788153,-0.00015029302422880876,-4.564269222476193e-06,-3.5529968541850635e-06,0.17137208694682526,-0.0064507272075563105,7.678148170976188e-07,0.0023967853689095204,0.0001671238125926802
63.478007078170776,-0.040818682429244024,6.322617317497827e-05,4.747498505931743e-05,0.015147532715625824,-4.197384303294278e-06,-1.2065716975439731e-05,-3.693502654798149e-06,0.1726276673009315,-0.006780641336086952,-2.405918083146294e-08,0.0021560311126772634,-0.000528391510019879
64.12176465988159,-0.05041652711058314,5.189831458332109e-05,0.00011093846270929997,-0.013496047999431892,-0.0002732658167093559,-8.10972710452327e-06,-3.388982355896993e-06,0.17421697538630218,-0.006852756723928221,-9.334841473632557e-07,0.0024146559296158872,-0.0002897222166283133
64.96906065940857,-0.05263858630599427,6.282435901242811e-05,6.80213395061039e-05,-0.015744681698466774,-6.631572638564789e-06,-3.8718982992538954e-05,-3.5707425738031318e-06,0.17593151424986958,-0.006897596481747914,1.0888260813784282e-07,0.0020440692021632626,0.00012314188389389694
65.7972264289856,-0.0496757990884778,4.823430717583689e-05,5.8743962621648405e-05,-0.0012443248679352462,-0.0001548159087809323,-1.7786105970582965e-05,-4.208937025961713e-06,0.1775364986671187,-0.007072106765922751,-1.2510259667863735e-06,0.0018766719353124212,-3.612682950736564e-06
66.52681970596313,-0.043567029798523504,6.434795157263728e-05,0.00011563632920168784,0.018741344380172144,0.00020765500511538636,8.0162986429181e-06,-3.1483894833363228e-06,0.1788505226600022,-0.007326020503026207,1.4680261290109468e-07,0.0017754739050915643,-0.00038847714945380814
66.82477498054504,-0.05184490976772177,-5.7499326536599626e-05,0.00010827848289927746,-0.0039423050377641435,-6.231953391885123e-05,1.0115647087235124e-05,-3.741565192382797e-06,0.17924395107688232,-0.0072275809851116875,9.535612144988651e-07,0.0015792722315501868,6.275739421327865e-05
67.10641121864319,-0.05409574491211694,-3.195890939780029e-05,9.506853640393477e-05,-0.015069566173317997,-0.00019238431242235506,-2.0870853695522668e-05,-3.6093993650882107e-06,0.17970958817900198,-0.00736963126237296,2.4918570453435174e-07,0.00154094069280733,-0.00013541436051044576
67.44108724594116,-0.04430032707344528,0.00017747256848999534,5.9165217727121766e-05,0.01590929305796361,0.0005635866983957455,-9.80315452450377e-05,-3.855354859778668e-06,0.18019249648524813,-0.007540041342097135,-3.498877871687808e-07,0.0014751934614855265,-0.0004963390236654813
67.89250779151917,-0.05696442699217963,2.709667719619126e-05,0.00010743991195744347,-0.025668303510374746,-0.0003133160851818905,0.0001003828027919001,-4.567893470905068e-06,0.18095852467491527,-0.007397449318333394,-1.0749263404750029e-06,0.001747548975527003,0.00025874302290038
68.25182271003723,-0.048802126458019734,7.162359475792318e-05,6.887506746494319e-05,0.010728987699922966,5.1220209307706056e-05,-6.546528995127744e-05,-3.0997424018159656e-06,0.18148540911055236,-0.007687067684355434,2.638641348330552e-06,0.0015177072852265534,-0.0006272841538158002
68.57639002799988,-0.0469925268955686,6.749279969521301e-05,4.034334479140843e-05,0.013278353589923256,2.059442564545079e-06,-8.350279615176053e-05,-3.194816214091223e-06,0.1820406017244257,-0.007604295984069145,5.174553011207661e-07,0.0016603321843779186,-2.603177581013337e-05
68.91486120223999,-0.05830122166810647,6.747418228149481e-05,3.185219970238475e-05,-0.025919578383733283,-5.415694645874605e-07,-3.996998378835293e-05,-3.1054468374612598e-06,0.18266474485434198,-0.007626795072430562,4.3494304864891294e-07,0.001807790831740517,5.655948808287682e-05
69.25379800796509,-0.05000864480198636,6.800538180138591e-05,2.3568611727624358e-05,0.010636408929750133,1.0143934845750886e-06,-2.8467253147026013e-05,-3.1472522138459387e-06,0.18333964270074332,-0.007902810175498928,-8.374721370577412e-08,0.0019406551704878637,-0.0006754093370233957
69.53482389450073,-0.047233911670227946,6.852519887368466e-05,2.077735376603348e-05,0.01781309821691358,1.8674170489425403e-06,-1.4812549855833457e-05,-3.2036693602257247e-06,0.18398131154167438,-0.007845639862194503,-1.4282177701255546e-07,0.002150655551552401,-0.00017959927815014578
69.88049077987671,-0.05900163633978428,6.884522074986147e-05,1.9722669516437037e-05,-0.024597847174957166,1.096074472166426e-06,-5.82875320107493e-06,-3.216892993266268e-06,0.18479295915611568,-0.00784338282857349,-5.1129604527080374e-08,0.0023454335762869236,7.340495996570246e-05
70.15372395515442,-0.055087842250955754,6.944312677601764e-05,1.8266565255740473e-05,-0.004229205344753333,1.7086509958632742e-06,-4.676425205258798e-06,-3.2797646110857286e-06,0.185491599130194,-0.00811261136272766,-1.84677863533605e-07,0.0024779921753238106,-0.0006684892171372014
70.43308281898499,-0.04735813517509152,7.014071131337478e-05,1.7076932536185625e-05,0.023201131547974284,2.372033630149518e-06,-4.772402173688318e-06,-3.304919104883397e-06,0.18623580603738837,-0.008175374530993562,-1.3058586458137553e-07,0.002571722205444655,-0.0004930100677749717
70.73734593391418,-0.05573416361636979,7.052533107999802e-05,1.68804470338131e-05,-0.00726149598256689,1.7052746610504979e-06,-2.190182022717353e-06,-3.31280280509622e-06,0.18709463850963537,-0.008087048190288824,-5.202227033660355e-08,0.0027693070449475526,0.0001268611838835375
71.05971717834473,-0.059557831743049794,7.105453498644536e-05,1.64819954825755e-05,-0.018663368435979155,1.5030396228814113e-06,-9.589944589880246e-07,-3.3669176881311534e-06,0.18802144842786156,-0.008335845595745494,-1.2047184104607282e-07,0.0028586625283220143,-0.00042137754940271875
71.31910371780396,-0.05048309374246607,7.172605480413326e-05,1.5341113027020002e-05,0.012998092571815029,2.1700327155218584e-06,-3.012098903982357e-06,-3.407623992805523e-06,0.18878868040943456,-0.008522838295711094,-1.6525756573405217e-07,0.0029405848733600765,-0.0007542500214358851
71.58305358886719,-0.05073492326315432,7.971926283328342e-05,1.5528042150843245e-05,0.011913130592239028,5.951761818988745e-06,-2.4426759744797237e-06,-3.4028279603869052e-06,0.1896301611503193,-0.008457346571950998,-7.506531116215491e-08,0.003102351384276088,-0.0001515042034020188
71.94637894630432,-0.0626858620893549,9.746982530945705e-06,1.6022654287976805e-05,-0.025907725908481102,-0.0001962190774784571,-1.1112028138177362e-05,-3.5193328325343097e-06,0.19079036337142224,-0.008562881487535066,-1.4767230597842481e-08,0.003224968628726351,-0.00012861373435861048
72.35790276527405,-0.05077021055252301,0.00012658740063485358,2.9685279354647343e-05,0.019083270729731556,0.000324867628723782,3.305629858209483e-05,-3.832782338734325e-06,0.19212252139925928,-0.008907005847009694,-2.349844681447923e-07,0.0032015320181116823,-0.0007936459867590762
72.6860420703888,-0.05561317447107683,6.800666477989017e-05,2.2562959713956687e-05,0.002649952013240575,-0.00016360322980667953,-1.8181504899725366e-05,-3.5229235032426614e-06,0.1932481503748955,-0.008820661698868084,2.626946066981478e-07,0.003422912780150448,-3.670317051568807e-05
73.03543734550476,-0.062409875710750684,7.573013215963727e-05,1.2585528512288481e-05,-0.019391251527237145,-1.0900905313469648e-05,-2.636862867792847e-05,-3.61374262806167e-06,0.19449065629989667,-0.00907566121271977,-6.756063823822754e-08,0.0035659694550428597,-0.0005190068193930917
73.31613659858704,-0.05290286123302118,7.553878435560944e-05,9.777979025887044e-06,0.01805520248669014,-2.6892411200612296e-06,-1.6140613740159597e-05,-3.63169691949862e-06,0.19546223247658548,-0.00930901829746328,-7.79943332407547e-09,0.003499004007691821,-0.0008654476734599592
73.5837128162384,-0.05306478303344159,7.580476801739666e-05,7.104056590528587e-06,0.013402242852389192,-7.706481246606584e-08,-1.2438726447590933e-05,-3.6405869526151408e-06,0.19643126963280888,-0.009262698517130099,-9.30075418345343e-08,0.0036283652744183003,-0.00023157376466553434
73.94252610206604,-0.06457366100599077,6.358809205131438e-05,4.024147175752821e-06,-0.026332936960894362,-1.5832832131089525e-05,-5.675955195672933e-06,-3.6420047159870313e-06,0.19775240368196575,-0.00939100475563448,-3.393685669691846e-08,0.0037023695176297824,-0.00023559017043235149
74.22069048881531,-0.05698350450329781,0.00014993829144753276,9.308283764628426e-06,0.004169605639223678,0.00011117410236624091,1.1125300514586656e-06,-3.57505066758736e-06,0.198784318131839,-0.009710278715624151,-3.048295259848427e-07,0.0037245491934374928,-0.0009125861802732292
74.48320603370667,-0.05233868336834685,-5.776359344058451e-05,7.289426839602907e-05,0.020460937767578107,-0.0003242168950379779,0.00011982378987639031,-4.8258782969053536e-06,0.1997879926693284,-0.009730704052841512,-1.7508388758855445e-06,0.0037300277369586633,-0.0005399670221415708
74.78571128845215,-0.06308352413872836,1.2350986703903128e-05,8.583160122755822e-05,-0.017090497371394092,-0.00013346056821656615,0.00011448428918911779,-4.771524590659964e-06,0.2009538309972895,-0.009700058525137925,-1.1049251743141512e-06,0.003867872781391713,1.5316793240233922e-05
75.08448886871338,-0.06438243453052123,0.00015302255472794297,8.202026189302618e-05,-0.017014828170753518,0.0006115702415044962,-2.821842858865156e-05,-3.883834078679521e-06,0.20211176787301083,-0.01001015150920865,2.5527995162302162e-06,0.0038604242175661707,-0.0006075765430957226
75.36022925376892,-0.05409050528083614,0.00010217856716653045,5.440208639874802e-05,0.020717985753120734,-6.037541371958835e-05,-2.2568474094592982e-05,-4.168490098176866e-06,0.20319731065135715,-0.010214605945724965,-8.447436520535485e-07,0.003886731241209364,-0.0008413813886155922
75.62098026275635,-0.05744362833496702,6.629804061357183e-05,0.00010122458044592901,0.008879453893125135,5.824859112582188e-05,2.1840417689049615e-05,-4.393383927871333e-06,0.2042622322780304,-0.010158396700527013,1.3562870611007165e-06,0.0040103902736848196,-0.0002032535050421582
75.9022159576416,-0.06688270111531114,0.00017700881362718088,8.304126620880829e-05,-0.025519213288779347,0.00016678247691312832,1.2790492887475572e-05,-4.798982929003002e-06,0.20537875186636417,-0.010281509889324527,-2.9783025836936447e-06,0.004069224393490271,-0.0002221040021636204
76.22067618370056,-0.0600904398912786,-8.523721836002185e-05,8.958104352470537e-05,0.005995940043460211,-0.00036867783455868933,-1.786043810663714e-05,-4.3691824739425e-06,0.2066532747995272,-0.010659942870519759,1.6375822722981466e-06,0.0040455915853247915,-0.0010137481102797411
76.4851245880127,-0.05506365570839422,-7.340650444125294e-05,5.54402732335117e-05,0.02200577718300448,-0.00044598034459823234,-5.476206722363655e-05,-4.416357285362144e-06,0.20772422589820988,-0.010700801724600955,-3.4991733080620236e-07,0.004076470078383457,-0.0005749041897494386
76.7648675441742,-0.06454190009956662,0.0001140701655652656,1.5577810058982962e-05,-0.011868451293114491,0.0004364948889832233,-0.0001232415314729021,-5.212757482959591e-06,0.20889326234064548,-0.010686738222837682,-1.1174124661474682e-06,0.004151220471063748,-4.976131726740941e-05
77.06400990486145,-0.06688019805504225,0.0001736274047146373,-5.325689788869518e-06,-0.016327437090514988,0.00032151720530638735,-7.593913782793299e-05,-5.025214600733985e-06,0.21011795471452224,-0.011022958010503195,-6.146404167162941e-07,0.004111098310429292,-0.0007431161992994343
77.34313821792603,-0.056519902155279245,-2.1728631787847054e-05,5.238417118847249e-06,0.020701146051448484,-0.00017011748516358992,-1.7355830386386486e-05,-4.889271339713634e-06,0.2112623488013968,-0.011278285672901355,6.669926043140922e-07,0.004067507106814932,-0.0010140628292442605
77.64324402809143,-0.06054861073357387,0.00018516418217173476,6.34935958596332e-05,0.0021991610611558853,0.0004755376830519697,0.00013132799529955486,-7.067283975448744e-06,0.21255739460721926,-0.011220572325881356,-4.334880462534032e-06,0.004313942242970091,-0.00013129994498600994
78.0032742023468,-0.06911028158926663,5.628928400480335e-05,9.953047842840324e-05,-0.023443929436587164,-0.00063536031458847,0.00015023077190248578,-7.010419760218582e-06,0.21407010373744298,-0.01149785866435589,-1.0822614135030593e-06,0.004329775282127138,-0.0005895328315391928
78.28809881210327,-0.059810607880153244,0.00011874999820094787,9.284353633353586e-05,0.015548262727772308,0.00021022945847287748,6.187177163081667e-06,-6.5698563630512885e-06,0.21523143102992148,-0.011797516550595442,1.884931685428756e-06,0.004257262694417065,-0.0010697774590024264
78.56676959991455,-0.05925875764619892,8.84252809251809e-05,4.6113709681665685e-05,0.013456113892773607,-6.8716187184508e-05,-9.934410449249616e-05,-6.128108095307093e-06,0.2164615528063216,-0.011781750681416526,3.6081456532250896e-07,0.0043283966491165895,-0.000345291671950872
78.90682768821716,-0.07073617196931198,0.00010260415679340807,8.867374049243539e-06,-0.026502992021390757,-9.751496911530205e-06,-0.000119689531110155,-6.263881872051661e-06,0.21791212508099747,-0.011924050343063174,6.915752548291022e-07,0.00433621834185781,-0.0002870498769357312
79.20830702781677,-0.06390568823335879,5.3705228654296304e-05,3.8940826575322744e-05,0.0047902158841498415,-0.00017988227322651655,3.7832241010069527e-05,-6.807814538413071e-06,0.21918020738296515,-0.012308333867168383,-1.499033916483144e-06,0.004284634883923144,-0.0010723619676581372
79.49744939804077,-0.05870613780147549,9.79660746228519e-05,3.177872376663113e-05,0.021270208125953472,0.00010260461849000705,2.823816850236933e-06,-6.208934562253491e-06,0.22040784045571735,-0.012372700269043049,4.787354055203859e-07,0.00429881060097537,-0.0006078492317605087
79.97761273384094,-0.07193021535991967,9.438186077462073e-05,3.0265761358864852e-05,-0.025766810963385428,0.00017900436091196182,-6.530234815409128e-06,-7.0305877007844354e-06,0.22250092751156095,-0.012592458442746774,-3.6300000551053453e-06,0.00450984743013914,-0.0005286554220031664
80.2743239402771,-0.06280862095374917,9.771329852220628e-05,1.9478102353630988e-05,0.012866727467363389,0.00010018445333058924,-3.4753758541533714e-05,-6.174294111829458e-06,0.2237843542580341,-0.012937062102903088,1.423531112637478e-06,0.004337666504545112,-0.0010751051031561607
80.61229491233826,-0.063153049228786,9.461028778666088e-05,3.6360785216592103e-06,0.007629807782038632,5.394994093776573e-06,-4.521553909937678e-05,-6.170522199624294e-06,0.2253081721241611,-0.01294859807444052,2.44284464645919e-07,0.004420205451589007,-0.00029224996140592846
80.92971062660217,-0.07314652541547151,9.54919804933675e-05,1.0506131085423207e-06,-0.026244849968535863,3.4461718887707375e-06,-1.6145651611212523e-05,-6.217447523156068e-06,0.2267087858314308,-0.013137228208924774,6.714565607707139e-08,0.004467580529776094,-0.0003986540120137999
81.23529195785522,-0.06551667594752786,9.59981987819234e-05,-2.4200168921194854e-06,0.00778339137994989,1.919105460601916e-06,-1.3872429289192641e-05,-6.241934593830175e-06,0.22800599363243818,-0.013507294663501318,-1.0630380391712046e-07,0.004371980306320295,-0.0010765933244887972
81.55482530593872,-0.06248361607908032,9.669852790109536e-05,-3.99031553395251e-06,0.01540429727434886,2.1681303618231694e-06,-7.048942794570431e-06,-6.255302310791242e-06,0.2294466054897918,-0.013562327762706515,-6.99102873454842e-08,0.0044962967010367914,-0.00046199691300684976
81.87787008285522,-0.07377020254310113,9.744046649871709e-05,-3.2943324596589434e-06,-0.023968110699856656,2.30860084993345e-06,-3.2518462034173474e-07,-6.247346949496856e-06,0.2308660413732623,-0.01367856620818765,2.9636774342237306e-08,0.004556011739268636,-0.0002659605062552533
82.13614583015442,-0.070611545000206,9.803811409200876e-05,-3.925859716854341e-06,-0.00904026634304001,2.2976740411272716e-06,-7.17298753626003e-07,-6.2939442444087205e-06,0.2320044480654129,-0.014021917275440799,-1.0790656192924439e-07,0.004424702288876099,-0.0009206804422526476
82.41261267662048,-0.06222290456021867,9.869570405967679e-05,-4.780388825628052e-06,0.022756161512648934,2.342229153871937e-06,-2.7977798663589346e-06,-6.302890320165856e-06,0.23324210878479865,-0.014200917083580204,-7.982318294868994e-08,0.004411013035237039,-0.0008722589639712187
82.71771740913391,-0.06969563692316105,9.940085392157691e-05,-4.16963417581308e-06,-0.007383170690436212,2.3322652761054136e-06,2.9971827096335827e-07,-6.273957184277283e-06,0.23460868051325395,-0.01419578013246461,5.553196284912414e-08,0.004503354789347556,-0.0001775999548999351
83.01573634147644,-0.07519596124620626,0.00010010282297221495,-3.67199227979609e-06,-0.02226263454392,2.365488154655958e-06,1.964622639362333e-06,-6.303910926955987e-06,0.23593720192542086,-0.014493072322931694,-3.6359063245663555e-08,0.004497683786662739,-0.0006710910174359413
83.31649327278137,-0.06531244611490067,0.00010079860351705712,-4.6688359942007485e-06,0.016178782478708024,2.3599855896948474e-06,-1.7222900426409516e-06,-6.338463847154821e-06,0.23725184609253225,-0.0148147646378918,-1.1713437502526353e-07,0.004457446648706592,-0.0010860158194106989
